timeStamp,elapsed,label,responseCode,responseMessage,threadName,dataType,success,failureMessage,bytes,sentBytes,grpThreads,allThreads,Latency,IdleTime,Connect
1522826332959,308,process-non-blocking,200,,Thread Group 1-1,text,true,,165,156,1,1,308,0,4
1522826333267,308,process-non-blocking,200,,Thread Group 1-1,text,true,,165,156,1,1,308,0,0
1522826333575,305,process-non-blocking,200,,Thread Group 1-1,text,true,,165,156,1,1,305,0,0
1522826333880,307,process-non-blocking,200,,Thread Group 1-1,text,true,,165,156,2,2,307,0,0
1522826333959,304,process-non-blocking,200,,Thread Group 1-2,text,true,,165,156,2,2,304,0,0
1522826334187,307,process-non-blocking,200,,Thread Group 1-1,text,true,,165,156,2,2,307,0,0
1522826334264,306,process-non-blocking,200,,Thread Group 1-2,text,true,,165,156,2,2,306,0,0
1522826334495,302,process-non-blocking,200,,Thread Group 1-1,text,true,,165,156,2,2,302,0,0
1522826334571,303,process-non-blocking,200,,Thread Group 1-2,text,true,,165,156,2,2,303,0,0
1522826334797,303,process-non-blocking,200,,Thread Group 1-1,text,true,,165,156,3,3,303,0,0
1522826334873,306,process-non-blocking,200,,Thread Group 1-2,text,true,,165,156,3,3,306,0,0
1522826334961,304,process-non-blocking,200,,Thread Group 1-3,text,true,,165,156,3,3,304,0,0
1522826335100,303,process-non-blocking,200,,Thread Group 1-1,text,true,,165,156,3,3,303,0,0
1522826335179,305,process-non-blocking,200,,Thread Group 1-2,text,true,,165,156,3,3,305,0,0
1522826335265,303,process-non-blocking,200,,Thread Group 1-3,text,true,,165,156,3,3,303,0,0
1522826335403,304,process-non-blocking,200,,Thread Group 1-1,text,true,,165,156,3,3,304,0,0
1522826335484,305,process-non-blocking,200,,Thread Group 1-2,text,true,,165,156,3,3,305,0,0
1522826335568,305,process-non-blocking,200,,Thread Group 1-3,text,true,,165,156,3,3,305,0,0
1522826335707,305,process-non-blocking,200,,Thread Group 1-1,text,true,,165,156,4,4,305,0,0
1522826335789,302,process-non-blocking,200,,Thread Group 1-2,text,true,,165,156,4,4,302,0,0
1522826335874,305,process-non-blocking,200,,Thread Group 1-3,text,true,,165,156,4,4,305,0,0
1522826335963,306,process-non-blocking,200,,Thread Group 1-4,text,true,,165,156,4,4,306,0,0
1522826336012,306,process-non-blocking,200,,Thread Group 1-1,text,true,,165,156,4,4,306,0,0
1522826336091,308,process-non-blocking,200,,Thread Group 1-2,text,true,,165,156,4,4,308,0,1
1522826336179,309,process-non-blocking,200,,Thread Group 1-3,text,true,,165,156,4,4,309,0,0
1522826336269,305,process-non-blocking,200,,Thread Group 1-4,text,true,,165,156,4,4,305,0,0
1522826336318,307,process-non-blocking,200,,Thread Group 1-1,text,true,,165,156,4,4,307,0,0
1522826336399,306,process-non-blocking,200,,Thread Group 1-2,text,true,,165,156,4,4,306,0,0
1522826336488,308,process-non-blocking,200,,Thread Group 1-3,text,true,,165,156,4,4,308,0,0
1522826336574,304,process-non-blocking,200,,Thread Group 1-4,text,true,,165,156,4,4,304,0,0
1522826336625,305,process-non-blocking,200,,Thread Group 1-1,text,true,,165,156,4,4,305,0,0
1522826336705,306,process-non-blocking,200,,Thread Group 1-2,text,true,,165,156,5,5,306,0,0
1522826336796,303,process-non-blocking,200,,Thread Group 1-3,text,true,,165,156,5,5,303,0,0
1522826336879,302,process-non-blocking,200,,Thread Group 1-4,text,true,,165,156,5,5,302,0,0
1522826336930,302,process-non-blocking,200,,Thread Group 1-1,text,true,,165,156,5,5,302,0,0
1522826336960,307,process-non-blocking,200,,Thread Group 1-5,text,true,,165,156,5,5,307,0,0
1522826337011,306,process-non-blocking,200,,Thread Group 1-2,text,true,,165,156,5,5,306,0,0
1522826337099,304,process-non-blocking,200,,Thread Group 1-3,text,true,,165,156,5,5,304,0,1
1522826337181,304,process-non-blocking,200,,Thread Group 1-4,text,true,,165,156,5,5,304,0,0
1522826337232,304,process-non-blocking,200,,Thread Group 1-1,text,true,,165,156,5,5,304,0,0
1522826337267,306,process-non-blocking,200,,Thread Group 1-5,text,true,,165,156,5,5,306,0,0
1522826337317,303,process-non-blocking,200,,Thread Group 1-2,text,true,,165,156,5,5,303,0,0
1522826337403,303,process-non-blocking,200,,Thread Group 1-3,text,true,,165,156,5,5,303,0,0
1522826337485,305,process-non-blocking,200,,Thread Group 1-4,text,true,,165,156,5,5,305,0,0
1522826337536,305,process-non-blocking,200,,Thread Group 1-1,text,true,,165,156,5,5,305,0,0
1522826337573,302,process-non-blocking,200,,Thread Group 1-5,text,true,,165,156,5,5,302,0,0
1522826337620,305,process-non-blocking,200,,Thread Group 1-2,text,true,,165,156,5,5,305,0,0
1522826337706,304,process-non-blocking,200,,Thread Group 1-3,text,true,,165,156,6,6,304,0,0
1522826337790,305,process-non-blocking,200,,Thread Group 1-4,text,true,,165,156,6,6,305,0,0
1522826337841,305,process-non-blocking,200,,Thread Group 1-1,text,true,,165,156,6,6,305,0,0
1522826337875,303,process-non-blocking,200,,Thread Group 1-5,text,true,,165,156,6,6,303,0,0
1522826337925,306,process-non-blocking,200,,Thread Group 1-2,text,true,,165,156,6,6,306,0,0
1522826337962,303,process-non-blocking,200,,Thread Group 1-6,text,true,,165,156,6,6,303,0,1
1522826338010,306,process-non-blocking,200,,Thread Group 1-3,text,true,,165,156,6,6,306,0,0
1522826338095,304,process-non-blocking,200,,Thread Group 1-4,text,true,,165,156,6,6,304,0,1
1522826338146,301,process-non-blocking,200,,Thread Group 1-1,text,true,,165,156,6,6,301,0,0
1522826338178,305,process-non-blocking,200,,Thread Group 1-5,text,true,,165,156,6,6,305,0,0
1522826338231,304,process-non-blocking,200,,Thread Group 1-2,text,true,,165,156,6,6,304,0,0
1522826338266,305,process-non-blocking,200,,Thread Group 1-6,text,true,,165,156,6,6,305,0,0
1522826338316,307,process-non-blocking,200,,Thread Group 1-3,text,true,,165,156,6,6,307,0,0
1522826338399,303,process-non-blocking,200,,Thread Group 1-4,text,true,,165,156,6,6,303,0,0
1522826338447,305,process-non-blocking,200,,Thread Group 1-1,text,true,,165,156,6,6,305,0,0
1522826338484,302,process-non-blocking,200,,Thread Group 1-5,text,true,,165,156,6,6,302,0,0
1522826338535,307,process-non-blocking,200,,Thread Group 1-2,text,true,,165,156,6,6,307,0,0
1522826338571,303,process-non-blocking,200,,Thread Group 1-6,text,true,,165,156,6,6,303,0,0
1522826338623,302,process-non-blocking,200,,Thread Group 1-3,text,true,,165,156,6,6,302,0,0
1522826338702,303,process-non-blocking,200,,Thread Group 1-4,text,true,,165,156,7,7,303,0,0
1522826338752,305,process-non-blocking,200,,Thread Group 1-1,text,true,,165,156,7,7,305,0,0
1522826338786,302,process-non-blocking,200,,Thread Group 1-5,text,true,,165,156,7,7,302,0,0
1522826338842,303,process-non-blocking,200,,Thread Group 1-2,text,true,,165,156,7,7,303,0,0
1522826338874,303,process-non-blocking,200,,Thread Group 1-6,text,true,,165,156,7,7,303,0,0
1522826338925,303,process-non-blocking,200,,Thread Group 1-3,text,true,,165,156,7,7,303,0,0
1522826338963,307,process-non-blocking,200,,Thread Group 1-7,text,true,,165,156,7,7,307,0,0
1522826339005,305,process-non-blocking,200,,Thread Group 1-4,text,true,,165,156,7,7,305,0,0
1522826339057,307,process-non-blocking,200,,Thread Group 1-1,text,true,,165,156,7,7,307,0,0
1522826339088,306,process-non-blocking,200,,Thread Group 1-5,text,true,,165,156,7,7,306,0,1
1522826339146,304,process-non-blocking,200,,Thread Group 1-2,text,true,,165,156,7,7,304,0,0
1522826339177,308,process-non-blocking,200,,Thread Group 1-6,text,true,,165,156,7,7,308,0,0
1522826339229,306,process-non-blocking,200,,Thread Group 1-3,text,true,,165,156,7,7,306,0,0
1522826339270,306,process-non-blocking,200,,Thread Group 1-7,text,true,,165,156,7,7,306,0,0
1522826339310,304,process-non-blocking,200,,Thread Group 1-4,text,true,,165,156,7,7,304,0,0
1522826339364,307,process-non-blocking,200,,Thread Group 1-1,text,true,,165,156,7,7,306,0,0
1522826339394,304,process-non-blocking,200,,Thread Group 1-5,text,true,,165,156,7,7,304,0,0
1522826339450,304,process-non-blocking,200,,Thread Group 1-2,text,true,,165,156,7,7,304,0,0
1522826339485,308,process-non-blocking,200,,Thread Group 1-6,text,true,,165,156,7,7,308,0,0
1522826339535,305,process-non-blocking,200,,Thread Group 1-3,text,true,,165,156,7,7,305,0,0
1522826339576,305,process-non-blocking,200,,Thread Group 1-7,text,true,,165,156,7,7,305,0,0
1522826339614,303,process-non-blocking,200,,Thread Group 1-4,text,true,,165,156,7,7,303,0,0
1522826339671,303,process-non-blocking,200,,Thread Group 1-1,text,true,,165,156,8,8,303,0,0
1522826339698,302,process-non-blocking,200,,Thread Group 1-5,text,true,,165,156,8,8,302,0,0
1522826339755,306,process-non-blocking,200,,Thread Group 1-2,text,true,,165,156,8,8,306,0,0
1522826339794,303,process-non-blocking,200,,Thread Group 1-6,text,true,,165,156,8,8,303,0,0
1522826339841,305,process-non-blocking,200,,Thread Group 1-3,text,true,,165,156,8,8,305,0,0
1522826339882,305,process-non-blocking,200,,Thread Group 1-7,text,true,,165,156,8,8,305,0,0
1522826339918,303,process-non-blocking,200,,Thread Group 1-4,text,true,,165,156,8,8,303,0,0
1522826339963,304,process-non-blocking,200,,Thread Group 1-8,text,true,,165,156,8,8,304,0,0
1522826339975,306,process-non-blocking,200,,Thread Group 1-1,text,true,,165,156,8,8,306,0,0
1522826340001,306,process-non-blocking,200,,Thread Group 1-5,text,true,,165,156,8,8,306,0,0
1522826340061,305,process-non-blocking,200,,Thread Group 1-2,text,true,,165,156,8,8,305,0,0
1522826340097,311,process-non-blocking,200,,Thread Group 1-6,text,true,,165,156,8,8,311,0,1
1522826340146,303,process-non-blocking,200,,Thread Group 1-3,text,true,,165,156,8,8,303,0,0
1522826340188,306,process-non-blocking,200,,Thread Group 1-7,text,true,,165,156,8,8,306,0,0
1522826340221,304,process-non-blocking,200,,Thread Group 1-4,text,true,,165,156,8,8,304,0,1
1522826340267,307,process-non-blocking,200,,Thread Group 1-8,text,true,,165,156,8,8,307,0,0
1522826340281,302,process-non-blocking,200,,Thread Group 1-1,text,true,,165,156,8,8,302,0,0
1522826340307,303,process-non-blocking,200,,Thread Group 1-5,text,true,,165,156,8,8,303,0,0
1522826340366,307,process-non-blocking,200,,Thread Group 1-2,text,true,,165,156,8,8,307,0,0
1522826340408,303,process-non-blocking,200,,Thread Group 1-6,text,true,,165,156,8,8,303,0,0
1522826340449,303,process-non-blocking,200,,Thread Group 1-3,text,true,,165,156,8,8,303,0,0
1522826340494,303,process-non-blocking,200,,Thread Group 1-7,text,true,,165,156,8,8,303,0,0
1522826340525,304,process-non-blocking,200,,Thread Group 1-4,text,true,,165,156,8,8,304,0,0
1522826340574,303,process-non-blocking,200,,Thread Group 1-8,text,true,,165,156,8,8,303,0,0
1522826340583,302,process-non-blocking,200,,Thread Group 1-1,text,true,,165,156,8,8,302,0,0
1522826340610,306,process-non-blocking,200,,Thread Group 1-5,text,true,,165,156,8,8,306,0,0
1522826340673,305,process-non-blocking,200,,Thread Group 1-2,text,true,,165,156,9,9,305,0,0
1522826340712,305,process-non-blocking,200,,Thread Group 1-6,text,true,,165,156,9,9,305,0,0
1522826340752,303,process-non-blocking,200,,Thread Group 1-3,text,true,,165,156,9,9,303,0,0
1522826340797,304,process-non-blocking,200,,Thread Group 1-7,text,true,,165,156,9,9,304,0,0
1522826340830,303,process-non-blocking,200,,Thread Group 1-4,text,true,,165,156,9,9,303,0,0
1522826340877,306,process-non-blocking,200,,Thread Group 1-8,text,true,,165,156,9,9,306,0,0
1522826340885,304,process-non-blocking,200,,Thread Group 1-1,text,true,,165,156,9,9,304,0,0
1522826340916,304,process-non-blocking,200,,Thread Group 1-5,text,true,,165,156,9,9,304,0,0
1522826340968,307,process-non-blocking,200,,Thread Group 1-9,text,true,,165,156,9,9,307,0,1
1522826340978,304,process-non-blocking,200,,Thread Group 1-2,text,true,,165,156,9,9,304,0,0
1522826341018,307,process-non-blocking,200,,Thread Group 1-6,text,true,,165,156,9,9,307,0,0
1522826341055,306,process-non-blocking,200,,Thread Group 1-3,text,true,,165,156,9,9,306,0,0
1522826341101,304,process-non-blocking,200,,Thread Group 1-7,text,true,,165,156,9,9,304,0,1
1522826341133,304,process-non-blocking,200,,Thread Group 1-4,text,true,,165,156,9,9,304,0,0
1522826341183,304,process-non-blocking,200,,Thread Group 1-8,text,true,,165,156,9,9,304,0,0
1522826341189,303,process-non-blocking,200,,Thread Group 1-1,text,true,,165,156,9,9,303,0,0
1522826341220,305,process-non-blocking,200,,Thread Group 1-5,text,true,,165,156,9,9,305,0,1
1522826341275,305,process-non-blocking,200,,Thread Group 1-9,text,true,,165,156,9,9,305,0,0
1522826341282,302,process-non-blocking,200,,Thread Group 1-2,text,true,,165,156,9,9,302,0,0
1522826341325,304,process-non-blocking,200,,Thread Group 1-6,text,true,,165,156,9,9,304,0,0
1522826341361,307,process-non-blocking,200,,Thread Group 1-3,text,true,,165,156,9,9,307,0,0
1522826341405,302,process-non-blocking,200,,Thread Group 1-7,text,true,,165,156,9,9,302,0,0
1522826341437,304,process-non-blocking,200,,Thread Group 1-4,text,true,,165,156,9,9,304,0,0
1522826341488,304,process-non-blocking,200,,Thread Group 1-8,text,true,,165,156,9,9,304,0,0
1522826341492,302,process-non-blocking,200,,Thread Group 1-1,text,true,,165,156,9,9,302,0,0
1522826341525,304,process-non-blocking,200,,Thread Group 1-5,text,true,,165,156,9,9,304,0,0
1522826341584,302,process-non-blocking,200,,Thread Group 1-2,text,true,,165,156,9,9,302,0,0
1522826341580,306,process-non-blocking,200,,Thread Group 1-9,text,true,,165,156,9,9,306,0,0
1522826341629,307,process-non-blocking,200,,Thread Group 1-6,text,true,,165,156,9,9,307,0,0
1522826341669,305,process-non-blocking,200,,Thread Group 1-3,text,true,,165,156,10,10,305,0,0
1522826341708,303,process-non-blocking,200,,Thread Group 1-7,text,true,,165,156,10,10,303,0,0
1522826341741,308,process-non-blocking,200,,Thread Group 1-4,text,true,,165,156,10,10,308,0,0
1522826341792,305,process-non-blocking,200,,Thread Group 1-8,text,true,,165,156,10,10,305,0,0
1522826341795,302,process-non-blocking,200,,Thread Group 1-1,text,true,,165,156,10,10,302,0,0
1522826341830,306,process-non-blocking,200,,Thread Group 1-5,text,true,,165,156,10,10,306,0,0
1522826341886,302,process-non-blocking,200,,Thread Group 1-9,text,true,,165,156,10,10,302,0,0
1522826341886,302,process-non-blocking,200,,Thread Group 1-2,text,true,,165,156,10,10,302,0,0
1522826341936,303,process-non-blocking,200,,Thread Group 1-6,text,true,,165,156,10,10,303,0,0
1522826341965,308,process-non-blocking,200,,Thread Group 1-10,text,true,,165,156,10,10,308,0,1
1522826341975,302,process-non-blocking,200,,Thread Group 1-3,text,true,,165,156,10,10,302,0,0
1522826342011,307,process-non-blocking,200,,Thread Group 1-7,text,true,,165,156,10,10,307,0,0
1522826342049,303,process-non-blocking,200,,Thread Group 1-4,text,true,,165,156,10,10,303,0,0
1522826342097,305,process-non-blocking,200,,Thread Group 1-1,text,true,,165,156,10,10,305,0,0
1522826342097,305,process-non-blocking,200,,Thread Group 1-8,text,true,,165,156,10,10,305,0,1
1522826342136,303,process-non-blocking,200,,Thread Group 1-5,text,true,,165,156,10,10,303,0,0
1522826342188,304,process-non-blocking,200,,Thread Group 1-9,text,true,,165,156,10,10,304,0,0
1522826342188,304,process-non-blocking,200,,Thread Group 1-2,text,true,,165,156,10,10,304,0,0
1522826342239,309,process-non-blocking,200,,Thread Group 1-6,text,true,,165,156,10,10,309,0,0
1522826342273,304,process-non-blocking,200,,Thread Group 1-10,text,true,,165,156,10,10,304,0,0
1522826342277,302,process-non-blocking,200,,Thread Group 1-3,text,true,,165,156,10,10,302,0,0
1522826342319,306,process-non-blocking,200,,Thread Group 1-7,text,true,,165,156,10,10,306,0,0
1522826342352,305,process-non-blocking,200,,Thread Group 1-4,text,true,,165,156,10,10,305,0,1
1522826342402,308,process-non-blocking,200,,Thread Group 1-1,text,true,,165,156,10,10,308,0,0
1522826342402,308,process-non-blocking,200,,Thread Group 1-8,text,true,,165,156,10,10,308,0,0
1522826342439,302,process-non-blocking,200,,Thread Group 1-5,text,true,,165,156,10,10,302,0,0
1522826342492,307,process-non-blocking,200,,Thread Group 1-9,text,true,,165,156,10,10,307,0,0
1522826342492,307,process-non-blocking,200,,Thread Group 1-2,text,true,,165,156,10,10,307,0,0
1522826342548,304,process-non-blocking,200,,Thread Group 1-6,text,true,,165,156,10,10,304,0,0
1522826342579,303,process-non-blocking,200,,Thread Group 1-3,text,true,,165,156,10,10,303,0,0
1522826342577,305,process-non-blocking,200,,Thread Group 1-10,text,true,,165,156,10,10,305,0,0
1522826342626,304,process-non-blocking,200,,Thread Group 1-7,text,true,,165,156,10,10,304,0,0
1522826342657,307,process-non-blocking,200,,Thread Group 1-4,text,true,,165,156,10,10,307,0,0
1522826342710,305,process-non-blocking,200,,Thread Group 1-1,text,true,,165,156,10,10,305,0,0
1522826342710,305,process-non-blocking,200,,Thread Group 1-8,text,true,,165,156,10,10,305,0,0
1522826342741,306,process-non-blocking,200,,Thread Group 1-5,text,true,,165,156,10,10,306,0,0
1522826342800,304,process-non-blocking,200,,Thread Group 1-9,text,true,,165,156,10,10,304,0,0
1522826342800,304,process-non-blocking,200,,Thread Group 1-2,text,true,,165,156,10,10,304,0,0
1522826342852,309,process-non-blocking,200,,Thread Group 1-6,text,true,,165,156,10,10,309,0,0
1522826342882,303,process-non-blocking,200,,Thread Group 1-10,text,true,,165,156,10,10,303,0,0
1522826342882,303,process-non-blocking,200,,Thread Group 1-3,text,true,,165,156,10,10,303,0,0
1522826342930,305,process-non-blocking,200,,Thread Group 1-7,text,true,,165,156,10,10,305,0,0
1522826342964,304,process-non-blocking,200,,Thread Group 1-4,text,true,,165,156,10,10,304,0,0
1522826343016,306,process-non-blocking,200,,Thread Group 1-8,text,true,,165,156,10,10,306,0,0
1522826343016,306,process-non-blocking,200,,Thread Group 1-1,text,true,,165,156,10,10,306,0,0
1522826343047,303,process-non-blocking,200,,Thread Group 1-5,text,true,,165,156,10,10,303,0,0
1522826343104,307,process-non-blocking,200,,Thread Group 1-9,text,true,,165,156,10,10,307,0,1
1522826343104,307,process-non-blocking,200,,Thread Group 1-2,text,true,,165,156,10,10,307,0,0
1522826343161,303,process-non-blocking,200,,Thread Group 1-6,text,true,,165,156,10,10,303,0,0
1522826343185,303,process-non-blocking,200,,Thread Group 1-3,text,true,,165,156,10,10,303,0,0
1522826343185,303,process-non-blocking,200,,Thread Group 1-10,text,true,,165,156,10,10,303,0,0
1522826343235,307,process-non-blocking,200,,Thread Group 1-7,text,true,,165,156,10,10,307,0,0
1522826343268,306,process-non-blocking,200,,Thread Group 1-4,text,true,,165,156,10,10,306,0,0
1522826343322,306,process-non-blocking,200,,Thread Group 1-8,text,true,,165,156,10,10,306,0,0
1522826343322,306,process-non-blocking,200,,Thread Group 1-1,text,true,,165,156,10,10,306,0,0
1522826343350,302,process-non-blocking,200,,Thread Group 1-5,text,true,,165,156,10,10,302,0,0
1522826343411,305,process-non-blocking,200,,Thread Group 1-2,text,true,,165,156,10,10,305,0,0
1522826343411,305,process-non-blocking,200,,Thread Group 1-9,text,true,,165,156,10,10,305,0,0
1522826343464,304,process-non-blocking,200,,Thread Group 1-6,text,true,,165,156,10,10,304,0,0
1522826343488,303,process-non-blocking,200,,Thread Group 1-10,text,true,,165,156,10,10,303,0,0
1522826343488,303,process-non-blocking,200,,Thread Group 1-3,text,true,,165,156,10,10,303,0,1
1522826343542,305,process-non-blocking,200,,Thread Group 1-7,text,true,,165,156,10,10,305,0,0
1522826343574,304,process-non-blocking,200,,Thread Group 1-4,text,true,,165,156,10,10,304,0,0
1522826343628,307,process-non-blocking,200,,Thread Group 1-8,text,true,,165,156,10,10,307,0,0
1522826343628,307,process-non-blocking,200,,Thread Group 1-1,text,true,,165,156,10,10,307,0,1
1522826343653,306,process-non-blocking,200,,Thread Group 1-5,text,true,,165,156,10,10,306,0,0
1522826343716,305,process-non-blocking,200,,Thread Group 1-9,text,true,,165,156,10,10,305,0,0
1522826343716,305,process-non-blocking,200,,Thread Group 1-2,text,true,,165,156,10,10,305,0,0
1522826343768,306,process-non-blocking,200,,Thread Group 1-6,text,true,,165,156,10,10,306,0,0
1522826343791,306,process-non-blocking,200,,Thread Group 1-10,text,true,,165,156,10,10,306,0,0
1522826343791,306,process-non-blocking,200,,Thread Group 1-3,text,true,,165,156,10,10,306,0,0
1522826343847,303,process-non-blocking,200,,Thread Group 1-7,text,true,,165,156,10,10,303,0,0
1522826343878,302,process-non-blocking,200,,Thread Group 1-4,text,true,,165,156,10,10,302,0,0
1522826343935,305,process-non-blocking,200,,Thread Group 1-1,text,true,,165,156,10,10,305,0,0
1522826343935,305,process-non-blocking,200,,Thread Group 1-8,text,true,,165,156,10,10,305,0,0
1522826343959,307,process-non-blocking,200,,Thread Group 1-5,text,true,,165,156,10,10,307,0,0
1522826344021,306,process-non-blocking,200,,Thread Group 1-2,text,true,,165,156,10,10,306,0,0
1522826344021,306,process-non-blocking,200,,Thread Group 1-9,text,true,,165,156,10,10,306,0,0
1522826344075,303,process-non-blocking,200,,Thread Group 1-6,text,true,,165,156,10,10,303,0,0
1522826344097,305,process-non-blocking,200,,Thread Group 1-3,text,true,,165,156,10,10,305,0,0
1522826344097,305,process-non-blocking,200,,Thread Group 1-10,text,true,,165,156,10,10,305,0,0
1522826344150,302,process-non-blocking,200,,Thread Group 1-7,text,true,,165,156,10,10,302,0,0
1522826344180,306,process-non-blocking,200,,Thread Group 1-4,text,true,,165,156,10,10,306,0,0
1522826344240,307,process-non-blocking,200,,Thread Group 1-8,text,true,,165,156,10,10,307,0,0
1522826344240,307,process-non-blocking,200,,Thread Group 1-1,text,true,,165,156,10,10,307,0,0
1522826344266,303,process-non-blocking,200,,Thread Group 1-5,text,true,,165,156,10,10,303,0,0
1522826344327,302,process-non-blocking,200,,Thread Group 1-2,text,true,,165,156,10,10,302,0,0
1522826344327,302,process-non-blocking,200,,Thread Group 1-9,text,true,,165,156,10,10,302,0,0
1522826344378,308,process-non-blocking,200,,Thread Group 1-6,text,true,,165,156,10,10,308,0,1
1522826344402,305,process-non-blocking,200,,Thread Group 1-3,text,true,,165,156,10,10,305,0,0
1522826344402,305,process-non-blocking,200,,Thread Group 1-10,text,true,,165,156,10,10,305,0,0
1522826344452,305,process-non-blocking,200,,Thread Group 1-7,text,true,,165,156,10,10,305,0,0
1522826344487,302,process-non-blocking,200,,Thread Group 1-4,text,true,,165,156,10,10,302,0,0
1522826344547,303,process-non-blocking,200,,Thread Group 1-8,text,true,,165,156,10,10,303,0,0
1522826344547,303,process-non-blocking,200,,Thread Group 1-1,text,true,,165,156,10,10,303,0,0
1522826344570,304,process-non-blocking,200,,Thread Group 1-5,text,true,,165,156,10,10,304,0,0
1522826344629,304,process-non-blocking,200,,Thread Group 1-9,text,true,,165,156,10,10,304,0,0
1522826344629,304,process-non-blocking,200,,Thread Group 1-2,text,true,,165,156,10,10,304,0,0
1522826344686,306,process-non-blocking,200,,Thread Group 1-6,text,true,,165,156,10,10,306,0,0
1522826344707,304,process-non-blocking,200,,Thread Group 1-10,text,true,,165,156,10,10,304,0,0
1522826344707,304,process-non-blocking,200,,Thread Group 1-3,text,true,,165,156,10,10,304,0,0
1522826344757,302,process-non-blocking,200,,Thread Group 1-7,text,true,,165,156,10,10,302,0,0
1522826344789,307,process-non-blocking,200,,Thread Group 1-4,text,true,,165,156,10,10,307,0,0
1522826344850,306,process-non-blocking,200,,Thread Group 1-1,text,true,,165,156,10,10,306,0,0
1522826344850,307,process-non-blocking,200,,Thread Group 1-8,text,true,,165,156,10,10,307,0,0
1522826344875,304,process-non-blocking,200,,Thread Group 1-5,text,true,,165,156,10,10,304,0,0
1522826344933,304,process-non-blocking,200,,Thread Group 1-9,text,true,,165,156,10,10,304,0,0
1522826344933,304,process-non-blocking,200,,Thread Group 1-2,text,true,,165,156,10,10,304,0,0
1522826344992,307,process-non-blocking,200,,Thread Group 1-6,text,true,,165,156,10,10,307,0,0
1522826345011,302,process-non-blocking,200,,Thread Group 1-10,text,true,,165,156,10,10,302,0,0
1522826345011,302,process-non-blocking,200,,Thread Group 1-3,text,true,,165,156,10,10,302,0,0
1522826345059,308,process-non-blocking,200,,Thread Group 1-7,text,true,,165,156,10,10,308,0,0
1522826345096,305,process-non-blocking,200,,Thread Group 1-4,text,true,,165,156,10,10,305,0,0
1522826345157,305,process-non-blocking,200,,Thread Group 1-1,text,true,,165,156,10,10,305,0,0
1522826345157,305,process-non-blocking,200,,Thread Group 1-8,text,true,,165,156,10,10,305,0,0
1522826345179,304,process-non-blocking,200,,Thread Group 1-5,text,true,,165,156,10,10,304,0,0
1522826345237,306,process-non-blocking,200,,Thread Group 1-2,text,true,,165,156,10,10,306,0,0
1522826345237,306,process-non-blocking,200,,Thread Group 1-9,text,true,,165,156,10,10,306,0,0
1522826345299,306,process-non-blocking,200,,Thread Group 1-6,text,true,,165,156,10,10,306,0,0
1522826345313,303,process-non-blocking,200,,Thread Group 1-10,text,true,,165,156,10,10,303,0,0
1522826345313,303,process-non-blocking,200,,Thread Group 1-3,text,true,,165,156,10,10,303,0,0
1522826345367,307,process-non-blocking,200,,Thread Group 1-7,text,true,,165,156,10,10,307,0,0
1522826345401,302,process-non-blocking,200,,Thread Group 1-4,text,true,,165,156,10,10,302,0,0
1522826345463,306,process-non-blocking,200,,Thread Group 1-1,text,true,,165,156,10,10,306,0,0
1522826345463,306,process-non-blocking,200,,Thread Group 1-8,text,true,,165,156,10,10,306,0,0
1522826345483,303,process-non-blocking,200,,Thread Group 1-5,text,true,,165,156,10,10,303,0,0
1522826345543,303,process-non-blocking,200,,Thread Group 1-2,text,true,,165,156,10,10,303,0,0
1522826345543,303,process-non-blocking,200,,Thread Group 1-9,text,true,,165,156,10,10,303,0,0
1522826345605,305,process-non-blocking,200,,Thread Group 1-6,text,true,,165,156,10,10,305,0,0
1522826345617,303,process-non-blocking,200,,Thread Group 1-10,text,true,,165,156,10,10,303,0,0
1522826345617,303,process-non-blocking,200,,Thread Group 1-3,text,true,,165,156,10,10,303,0,0
1522826345674,304,process-non-blocking,200,,Thread Group 1-7,text,true,,165,156,10,10,304,0,0
1522826345703,303,process-non-blocking,200,,Thread Group 1-4,text,true,,165,156,10,10,303,0,0
1522826345769,304,process-non-blocking,200,,Thread Group 1-8,text,true,,165,156,10,10,304,0,0
1522826345769,304,process-non-blocking,200,,Thread Group 1-1,text,true,,165,156,10,10,304,0,1
1522826345786,304,process-non-blocking,200,,Thread Group 1-5,text,true,,165,156,10,10,304,0,0
1522826345846,304,process-non-blocking,200,,Thread Group 1-2,text,true,,165,156,10,10,304,0,0
1522826345846,304,process-non-blocking,200,,Thread Group 1-9,text,true,,165,156,10,10,304,0,0
1522826345910,305,process-non-blocking,200,,Thread Group 1-6,text,true,,165,156,10,10,305,0,0
1522826345920,302,process-non-blocking,200,,Thread Group 1-3,text,true,,165,156,10,10,302,0,0
1522826345920,302,process-non-blocking,200,,Thread Group 1-10,text,true,,165,156,10,10,302,0,0
1522826345978,307,process-non-blocking,200,,Thread Group 1-7,text,true,,165,156,10,10,307,0,0
1522826346006,303,process-non-blocking,200,,Thread Group 1-4,text,true,,165,156,10,10,303,0,0
1522826346073,305,process-non-blocking,200,,Thread Group 1-1,text,true,,165,156,10,10,305,0,0
1522826346073,305,process-non-blocking,200,,Thread Group 1-8,text,true,,165,156,10,10,305,0,0
1522826346090,304,process-non-blocking,200,,Thread Group 1-5,text,true,,165,156,10,10,304,0,0
1522826346150,302,process-non-blocking,200,,Thread Group 1-2,text,true,,165,156,10,10,302,0,0
1522826346150,302,process-non-blocking,200,,Thread Group 1-9,text,true,,165,156,10,10,302,0,0
1522826346215,305,process-non-blocking,200,,Thread Group 1-6,text,true,,165,156,10,10,305,0,0
1522826346222,302,process-non-blocking,200,,Thread Group 1-10,text,true,,165,156,10,10,302,0,0
1522826346222,302,process-non-blocking,200,,Thread Group 1-3,text,true,,165,156,10,10,302,0,0
1522826346285,303,process-non-blocking,200,,Thread Group 1-7,text,true,,165,156,10,10,303,0,0
1522826346309,305,process-non-blocking,200,,Thread Group 1-4,text,true,,165,156,10,10,305,0,0
1522826346378,307,process-non-blocking,200,,Thread Group 1-8,text,true,,165,156,10,10,307,0,0
1522826346378,307,process-non-blocking,200,,Thread Group 1-1,text,true,,165,156,10,10,307,0,0
1522826346394,302,process-non-blocking,200,,Thread Group 1-5,text,true,,165,156,10,10,302,0,0
1522826346452,305,process-non-blocking,200,,Thread Group 1-2,text,true,,165,156,10,10,305,0,0
1522826346452,305,process-non-blocking,200,,Thread Group 1-9,text,true,,165,156,10,10,305,0,0
1522826346520,304,process-non-blocking,200,,Thread Group 1-6,text,true,,165,156,10,10,304,0,0
1522826346524,302,process-non-blocking,200,,Thread Group 1-3,text,true,,165,156,10,10,302,0,0
1522826346524,302,process-non-blocking,200,,Thread Group 1-10,text,true,,165,156,10,10,302,0,0
1522826346588,306,process-non-blocking,200,,Thread Group 1-7,text,true,,165,156,10,10,306,0,0
1522826346614,306,process-non-blocking,200,,Thread Group 1-4,text,true,,165,156,10,10,306,0,1
1522826346685,302,process-non-blocking,200,,Thread Group 1-8,text,true,,165,156,10,10,302,0,0
1522826346685,302,process-non-blocking,200,,Thread Group 1-1,text,true,,165,156,10,10,302,0,0
1522826346697,301,process-non-blocking,200,,Thread Group 1-5,text,true,,165,156,10,10,301,0,0
1522826346757,303,process-non-blocking,200,,Thread Group 1-9,text,true,,165,156,10,10,303,0,0
1522826346757,303,process-non-blocking,200,,Thread Group 1-2,text,true,,165,156,10,10,303,0,0
1522826346826,303,process-non-blocking,200,,Thread Group 1-10,text,true,,165,156,10,10,303,0,0
1522826346826,303,process-non-blocking,200,,Thread Group 1-3,text,true,,165,156,10,10,303,0,0
1522826346824,305,process-non-blocking,200,,Thread Group 1-6,text,true,,165,156,10,10,305,0,0
1522826346894,306,process-non-blocking,200,,Thread Group 1-7,text,true,,165,156,10,10,306,0,0
1522826346920,305,process-non-blocking,200,,Thread Group 1-4,text,true,,165,156,10,10,305,0,0
1522826346987,303,process-non-blocking,200,,Thread Group 1-8,text,true,,165,156,10,10,303,0,0
1522826346987,303,process-non-blocking,200,,Thread Group 1-1,text,true,,165,156,10,10,303,0,0
1522826346999,303,process-non-blocking,200,,Thread Group 1-5,text,true,,165,156,10,10,303,0,0
1522826347060,305,process-non-blocking,200,,Thread Group 1-2,text,true,,165,156,10,10,305,0,0
1522826347060,305,process-non-blocking,200,,Thread Group 1-9,text,true,,165,156,10,10,305,0,0
1522826347130,304,process-non-blocking,200,,Thread Group 1-10,text,true,,165,156,10,10,304,0,0
1522826347130,304,process-non-blocking,200,,Thread Group 1-6,text,true,,165,156,10,10,304,0,0
1522826347130,304,process-non-blocking,200,,Thread Group 1-3,text,true,,165,156,10,10,304,0,0
1522826347200,305,process-non-blocking,200,,Thread Group 1-7,text,true,,165,156,10,10,305,0,0
1522826347225,305,process-non-blocking,200,,Thread Group 1-4,text,true,,165,156,10,10,305,0,0
1522826347290,304,process-non-blocking,200,,Thread Group 1-8,text,true,,165,156,10,10,304,0,0
1522826347290,304,process-non-blocking,200,,Thread Group 1-1,text,true,,165,156,10,10,304,0,0
1522826347302,302,process-non-blocking,200,,Thread Group 1-5,text,true,,165,156,10,10,302,0,0
1522826347365,304,process-non-blocking,200,,Thread Group 1-2,text,true,,165,156,10,10,304,0,0
1522826347365,305,process-non-blocking,200,,Thread Group 1-9,text,true,,165,156,10,10,305,0,0
1522826347434,306,process-non-blocking,200,,Thread Group 1-10,text,true,,165,156,10,10,306,0,0
1522826347434,306,process-non-blocking,200,,Thread Group 1-3,text,true,,165,156,10,10,306,0,0
1522826347434,306,process-non-blocking,200,,Thread Group 1-6,text,true,,165,156,10,10,306,0,0
1522826347505,302,process-non-blocking,200,,Thread Group 1-7,text,true,,165,156,10,10,302,0,0
1522826347530,305,process-non-blocking,200,,Thread Group 1-4,text,true,,165,156,10,10,305,0,0
1522826347594,304,process-non-blocking,200,,Thread Group 1-1,text,true,,165,156,10,10,304,0,0
1522826347594,304,process-non-blocking,200,,Thread Group 1-8,text,true,,165,156,10,10,304,0,0
1522826347604,304,process-non-blocking,200,,Thread Group 1-5,text,true,,165,156,10,10,304,0,1
1522826347670,304,process-non-blocking,200,,Thread Group 1-9,text,true,,165,156,10,10,304,0,0
1522826347669,305,process-non-blocking,200,,Thread Group 1-2,text,true,,165,156,10,10,305,0,0
1522826347740,304,process-non-blocking,200,,Thread Group 1-3,text,true,,165,156,10,10,304,0,1
1522826347740,304,process-non-blocking,200,,Thread Group 1-10,text,true,,165,156,10,10,304,0,0
1522826347740,304,process-non-blocking,200,,Thread Group 1-6,text,true,,165,156,10,10,304,0,0
1522826347807,303,process-non-blocking,200,,Thread Group 1-7,text,true,,165,156,10,10,303,0,0
1522826347835,302,process-non-blocking,200,,Thread Group 1-4,text,true,,165,156,10,10,302,0,0
1522826347898,303,process-non-blocking,200,,Thread Group 1-1,text,true,,165,156,10,10,303,0,0
1522826347898,303,process-non-blocking,200,,Thread Group 1-8,text,true,,165,156,10,10,303,0,0
1522826347908,302,process-non-blocking,200,,Thread Group 1-5,text,true,,165,156,10,10,302,0,0
1522826347974,305,process-non-blocking,200,,Thread Group 1-9,text,true,,165,156,10,10,305,0,0
1522826347974,305,process-non-blocking,200,,Thread Group 1-2,text,true,,165,156,10,10,305,0,0
1522826348044,303,process-non-blocking,200,,Thread Group 1-3,text,true,,165,156,10,10,303,0,0
1522826348044,303,process-non-blocking,200,,Thread Group 1-6,text,true,,165,156,10,10,303,0,0
1522826348044,303,process-non-blocking,200,,Thread Group 1-10,text,true,,165,156,10,10,303,0,0
1522826348110,302,process-non-blocking,200,,Thread Group 1-7,text,true,,165,156,10,10,302,0,0
1522826348137,305,process-non-blocking,200,,Thread Group 1-4,text,true,,165,156,10,10,305,0,0
1522826348201,306,process-non-blocking,200,,Thread Group 1-8,text,true,,165,156,10,10,306,0,0
1522826348201,307,process-non-blocking,200,,Thread Group 1-1,text,true,,165,156,10,10,307,0,0
1522826348210,303,process-non-blocking,200,,Thread Group 1-5,text,true,,165,156,10,10,303,0,0
1522826348279,306,process-non-blocking,200,,Thread Group 1-9,text,true,,165,156,10,10,306,0,0
1522826348279,306,process-non-blocking,200,,Thread Group 1-2,text,true,,165,156,10,10,306,0,0
1522826348347,303,process-non-blocking,200,,Thread Group 1-3,text,true,,165,156,10,10,303,0,0
1522826348347,303,process-non-blocking,200,,Thread Group 1-6,text,true,,165,156,10,10,303,0,0
1522826348347,303,process-non-blocking,200,,Thread Group 1-10,text,true,,165,156,10,10,303,0,0
1522826348412,304,process-non-blocking,200,,Thread Group 1-7,text,true,,165,156,10,10,304,0,0
1522826348442,304,process-non-blocking,200,,Thread Group 1-4,text,true,,165,156,10,10,304,0,0
1522826348508,302,process-non-blocking,200,,Thread Group 1-8,text,true,,165,156,10,10,302,0,1
1522826348508,302,process-non-blocking,200,,Thread Group 1-1,text,true,,165,156,10,10,302,0,0
1522826348513,302,process-non-blocking,200,,Thread Group 1-5,text,true,,165,156,10,10,302,0,0
1522826348585,305,process-non-blocking,200,,Thread Group 1-9,text,true,,165,156,10,10,305,0,0
1522826348585,305,process-non-blocking,200,,Thread Group 1-2,text,true,,165,156,10,10,305,0,0
1522826348650,302,process-non-blocking,200,,Thread Group 1-6,text,true,,165,156,10,10,302,0,1
1522826348650,302,process-non-blocking,200,,Thread Group 1-10,text,true,,165,156,10,10,302,0,0
1522826348650,302,process-non-blocking,200,,Thread Group 1-3,text,true,,165,156,10,10,302,0,0
1522826348716,302,process-non-blocking,200,,Thread Group 1-7,text,true,,165,156,10,10,302,0,0
1522826348746,307,process-non-blocking,200,,Thread Group 1-4,text,true,,165,156,10,10,307,0,1
1522826348811,305,process-non-blocking,200,,Thread Group 1-1,text,true,,165,156,10,10,305,0,0
1522826348811,305,process-non-blocking,200,,Thread Group 1-8,text,true,,165,156,10,10,305,0,0
1522826348815,301,process-non-blocking,200,,Thread Group 1-5,text,true,,165,156,10,10,301,0,0
1522826348890,303,process-non-blocking,200,,Thread Group 1-9,text,true,,165,156,10,10,303,0,0
1522826348890,303,process-non-blocking,200,,Thread Group 1-2,text,true,,165,156,10,10,303,0,0
1522826348952,304,process-non-blocking,200,,Thread Group 1-10,text,true,,165,156,10,10,304,0,0
1522826348953,303,process-non-blocking,200,,Thread Group 1-3,text,true,,165,156,10,10,303,0,0
1522826348952,304,process-non-blocking,200,,Thread Group 1-6,text,true,,165,156,10,10,304,0,0
1522826349018,306,process-non-blocking,200,,Thread Group 1-7,text,true,,165,156,10,10,306,0,0
1522826349053,301,process-non-blocking,200,,Thread Group 1-4,text,true,,165,156,10,10,301,0,0
1522826349117,303,process-non-blocking,200,,Thread Group 1-1,text,true,,165,156,10,10,303,0,0
1522826349117,303,process-non-blocking,200,,Thread Group 1-5,text,true,,165,156,10,10,302,0,0
1522826349117,303,process-non-blocking,200,,Thread Group 1-8,text,true,,165,156,10,10,303,0,0
1522826349193,302,process-non-blocking,200,,Thread Group 1-2,text,true,,165,156,10,10,302,0,0
1522826349193,302,process-non-blocking,200,,Thread Group 1-9,text,true,,165,156,10,10,302,0,0
1522826349256,304,process-non-blocking,200,,Thread Group 1-3,text,true,,165,156,10,10,304,0,0
1522826349256,304,process-non-blocking,200,,Thread Group 1-6,text,true,,165,156,10,10,304,0,0
1522826349256,304,process-non-blocking,200,,Thread Group 1-10,text,true,,165,156,10,10,304,0,0
1522826349560,56,process-non-blocking,Non HTTP response code: java.net.SocketException,Non HTTP response message: Socket closed,Thread Group 1-6,text,false,,2682,0,10,10,0,0,0
1522826349495,121,process-non-blocking,Non HTTP response code: java.net.SocketException,Non HTTP response message: Socket closed,Thread Group 1-9,text,false,,2682,0,9,9,0,0,1
1522826349354,262,process-non-blocking,Non HTTP response code: java.net.SocketException,Non HTTP response message: Socket closed,Thread Group 1-4,text,false,,2682,0,9,9,0,0,0
1522826349324,292,process-non-blocking,Non HTTP response code: java.net.SocketException,Non HTTP response message: Socket closed,Thread Group 1-7,text,false,,2682,0,7,7,0,0,0
1522826349495,121,process-non-blocking,Non HTTP response code: java.net.SocketException,Non HTTP response message: Socket closed,Thread Group 1-2,text,false,,2682,0,7,7,0,0,0
1522826349420,195,process-non-blocking,Non HTTP response code: java.net.SocketException,Non HTTP response message: Socket closed,Thread Group 1-1,text,false,,2682,0,6,6,0,0,0
1522826349420,196,process-non-blocking,Non HTTP response code: java.net.SocketException,Non HTTP response message: Socket closed,Thread Group 1-8,text,false,,2682,0,4,4,0,0,0
1522826349560,56,process-non-blocking,Non HTTP response code: java.net.SocketException,Non HTTP response message: Socket closed,Thread Group 1-10,text,false,,2682,0,4,4,0,0,0
1522826349560,56,process-non-blocking,Non HTTP response code: java.net.SocketException,Non HTTP response message: Socket closed,Thread Group 1-3,text,false,,2682,0,4,4,0,0,0
1522826349420,196,process-non-blocking,Non HTTP response code: java.net.SocketException,Non HTTP response message: Socket closed,Thread Group 1-5,text,false,,2682,0,1,1,0,0,0
